name,email,phone
Octavia,ocamell0@sina.com.cn,+420 241 369 1506
Durand,dgut1@twitpic.com,+7 327 557 4817
Huberto,hsnugg2@clickbank.net,+967 712 289 6880
Edyth,efebre3@yellowpages.com,+81 627 813 2674
Astra,abaglin4@imgur.com,+7 385 598 2449
Roi,rhargey5@deliciousdays.com,+55 710 314 8503
Sterne,sdunbobbin6@shop-pro.jp,+358 530 719 0838
Prudy,pvines7@ezinearticles.com,+962 249 582 3175
Sid,scroston8@g.co,+54 287 653 9468
Georgina,gslocombe9@csmonitor.com,+62 208 452 8387
Burt,bjurgensona@ustream.tv,+62 526 365 5873
Malvina,mbrimmicombeb@opensource.org,+30 589 717 9366
Gannon,ggrocuttc@tripadvisor.com,+380 337 837 2364
Dania,dchadbournd@barnesandnoble.com,+7 528 437 2470
Chaunce,cmacpadene@army.mil,+380 557 492 7408
Orton,obruinemanf@columbia.edu,+86 976 595 3358
Hettie,hraynhamg@pen.io,+353 476 397 5903
Corissa,cflohardh@seattletimes.com,+86 621 212 0430
Malory,mkinnari@fc2.com,+62 533 716 6680
Innis,ithornhillj@w3.org,+62 310 168 0229
Sadie,sdesportek@jimdo.com,+251 331 536 9499
Justine,jsweatlandl@mashable.com,+33 652 464 6012
Amby,acainesm@sogou.com,+352 962 877 7772
Sharon,sgiffautn@wix.com,+57 464 509 2542
Noellyn,nbilovskyo@bandcamp.com,+86 254 556 4897
Haskell,hmcbrierp@deviantart.com,+62 775 434 7196
Rhys,rfedorskiq@yellowbook.com,+81 535 280 0359
Rosalinde,rbemandr@constantcontact.com,+81 382 537 1241
Shaylyn,sclackerss@de.vu,+505 581 544 4543
Anestassia,aibbisont@mozilla.org,+220 837 653 6347
Ealasaid,edeambrosisu@whitehouse.gov,+7 476 176 0811
Salvador,sforsbeyv@blog.com,+86 969 674 5622
Celie,ciozefovichw@globo.com,+62 711 779 9098
Barnard,bpericox@spotify.com,+86 574 855 7757
Damon,dpiertony@dailymotion.com,+86 321 592 4698
Nial,nmarwoodz@nasa.gov,+31 379 638 8840
Tracy,tblois10@ask.com,+48 916 345 2455
Tobi,tbothams11@scientificamerican.com,+86 186 788 9608
Brinn,bpickerell12@lulu.com,+7 573 392 5636
Idette,imedley13@printfriendly.com,+86 125 508 4538
Rene,rcudmore14@hugedomains.com,+380 467 916 7136
Scot,sworks15@nyu.edu,+1 463 578 3868
Angus,abennoe16@biglobe.ne.jp,+62 172 958 0078
Ronna,rbeynkn17@nymag.com,+62 940 517 1785
Lianna,lbartleet18@desdev.cn,+7 737 588 4879
Charisse,ccuseck19@liveinternet.ru,+34 327 374 1416
Gardiner,ghenrion1a@fc2.com,+57 420 236 3366
Gasper,gbright1b@abc.net.au,+84 888 989 8106
Lucina,lparton1c@un.org,+420 659 604 6909
Arlin,ahinckesman1d@cafepress.com,+86 369 175 7270
Martie,mpaskerful1e@scientificamerican.com,+63 312 406 6427
Lorry,lmaureen1f@timesonline.co.uk,+967 433 784 7576
Flint,fvarlow1g@wikipedia.org,+963 133 388 2902
Aline,ahiom1h@fc2.com,+62 394 501 9146
Ronna,rklicher1i@telegraph.co.uk,+63 245 338 5263
Mycah,mwaddie1j@dailymail.co.uk,+1 206 523 9095
Shermy,sakker1k@mozilla.org,+234 399 637 7106
Stace,sluebbert1l@whitehouse.gov,+995 624 902 4236
Tannie,tshivlin1m@harvard.edu,+86 950 273 8298
Filbert,fsalkeld1n@prnewswire.com,+63 414 739 2738
Nathanial,nsowte1o@amazon.com,+60 291 154 2838
Kalie,kchiene1p@nba.com,+55 973 217 7738
Carmela,cwagstaff1q@ft.com,+55 944 746 1462
Ora,ohurring1r@alibaba.com,+62 243 904 9853
Marcelline,mlark1s@kickstarter.com,+86 781 243 5577
Marijn,madamou1t@mozilla.com,+355 582 276 1102
Eddie,estorkes1u@japanpost.jp,+55 136 856 0353
Galven,gscay1v@disqus.com,+86 544 181 2523
Melissa,mmusslewhite1w@sciencedaily.com,+1 729 811 3266
Saleem,sboyington1x@wunderground.com,+216 968 830 0551
Chase,ccarnegy1y@answers.com,+255 680 392 8338
Falkner,fwrigglesworth1z@deviantart.com,+505 743 975 4216
Cookie,cnorcutt20@engadget.com,+63 890 782 8592
Jonah,jpresslee21@squidoo.com,+44 961 711 6690
Carleen,cwhartonby22@sun.com,+52 958 882 2058
Blakeley,bsamarth23@cyberchimps.com,+86 919 487 3906
Yuma,ywintersgill24@ning.com,+420 821 115 3779
Jo-ann,jcanacott25@mlb.com,+380 773 257 5701
Terese,tjorin26@people.com.cn,+7 928 977 7218
Yehudi,ysysland27@uiuc.edu,+62 344 996 5743
Lurline,ldurtnell28@topsy.com,+86 436 604 3133
Norbie,ntroke29@ovh.net,+976 614 648 5451
Lannie,lmallalieu2a@dedecms.com,+52 378 648 7903
Flory,fwelsh2b@twitpic.com,+63 996 335 4024
Olympia,oleonardi2c@redcross.org,+54 933 782 1803
Leoine,lfield2d@tumblr.com,+84 469 407 2479
Katina,kdomanski2e@hugedomains.com,+7 337 441 1330
Dee,dwalisiak2f@diigo.com,+30 486 392 9293
Jacquelyn,jhannigane2g@nydailynews.com,+62 649 633 6383
Gerrilee,ghouseman2h@umich.edu,+86 424 463 1864
Jedidiah,jwarsap2i@wired.com,+380 402 813 4705
Sheffield,sdungay2j@uol.com.br,+86 382 574 7082
Ailee,amessent2k@indiegogo.com,+86 287 200 4724
Almeda,ageistbeck2l@sourceforge.net,+62 941 620 9087
Vin,vjanny2m@economist.com,+86 851 952 2555
Alfie,aabelson2n@youtube.com,+55 160 209 5487
Wrennie,wextil2o@slashdot.org,+62 103 653 4532
Drucy,dgiacoboni2p@imgur.com,+93 871 432 1353
Wiatt,wgras2q@wikipedia.org,+86 217 839 6236
Stephannie,shampton2r@imageshack.us,+502 613 652 9021
Alysa,amadre2s@constantcontact.com,+86 530 574 2461
Britni,bwoodfield2t@lulu.com,+46 669 215 3667
Babita,bwolstencroft2u@blogs.com,+92 909 324 9507
Trace,trozzier2v@fotki.com,+39 405 788 8176
Kayle,kbillings2w@nytimes.com,+420 948 451 8940
Pansie,pnazaret2x@nydailynews.com,+234 117 756 7722
Gauthier,gserrels2y@kickstarter.com,+54 908 118 0990
Nissy,ngallaher2z@seattletimes.com,+98 804 113 9183
Janeen,jsandaver30@google.pl,+591 515 985 3916
Vivienne,vburg31@shareasale.com,+86 289 194 7349
Waverley,waxston32@deviantart.com,+86 437 141 6347
Melinde,mteeney33@unblog.fr,+48 650 985 2411
Melania,mfarn34@xrea.com,+86 278 849 4906
Harp,hlaws35@bluehost.com,+62 974 298 5010
Bay,bfosserd36@ustream.tv,+387 962 958 9019
Taffy,tarnatt37@smh.com.au,+63 811 333 3794
Amelia,abulfoy38@gmpg.org,+359 938 462 1992
Ajay,agleder39@webeden.co.uk,+380 895 268 5285
Matti,mmacconnulty3a@addtoany.com,+351 708 162 3543
Christoffer,cnapoleon3b@live.com,+385 851 646 7905
Uriel,ugreenman3c@oaic.gov.au,+374 662 106 3096
Bonnibelle,brodbourne3d@marketwatch.com,+48 279 749 8858
Joachim,jpermain3e@aboutads.info,+57 930 394 0226
Tanya,tblueman3f@digg.com,+7 555 313 2561
Bobbe,bgreenhalf3g@4shared.com,+54 563 638 6840
Rupert,rserman3h@chron.com,+48 446 459 2725
Randie,ringlesent3i@fastcompany.com,+86 349 444 4828
Andonis,acruft3j@dell.com,+63 275 303 7728
Ethelbert,ecourtin3k@g.co,+371 121 745 9399
Berny,bperks3l@samsung.com,+27 986 565 0862
Karrah,kclethro3m@berkeley.edu,+86 277 798 4054
Keslie,kcanning3n@sourceforge.net,+62 762 298 0274
Devondra,dburnitt3o@oracle.com,+62 168 767 8794
Baxie,bfontes3p@squidoo.com,+86 931 565 3344
Rozella,rricci3q@facebook.com,+63 204 356 7910
Richy,rseargeant3r@noaa.gov,+52 529 627 8593
Denny,dspeller3s@hp.com,+351 158 437 7057
Gradey,gendrighi3t@omniture.com,+351 569 914 7693
Allyn,abeeckx3u@mashable.com,+7 602 879 4220
Johna,jkampshell3v@telegraph.co.uk,+86 447 935 8952
Krissie,kcrowdy3w@ftc.gov,+62 713 375 0547
Lezlie,lgruszka3x@deviantart.com,+62 955 110 6362
Theo,twoodnutt3y@sphinn.com,+66 921 711 0158
Rabbi,rtrill3z@soup.io,+62 252 193 6012
Latrina,lburn40@ezinearticles.com,+7 764 389 8586
Christopher,cparkhouse41@nih.gov,+86 527 534 1542
Shannon,ssavary42@instagram.com,+84 356 284 7724
Charlie,cclausson43@list-manage.com,+86 641 560 8860
Daisi,dcripwell44@xrea.com,+258 174 734 3148
Dody,dpozzo45@yellowpages.com,+970 878 949 9004
Ardra,amarchand46@patch.com,+86 921 995 8369
Danie,ddabernott47@wix.com,+86 516 306 1684
Fairfax,fdabel48@patch.com,+95 142 315 1880
Robina,rlindenberg49@trellian.com,+86 166 470 0476
Jacquenette,jklainer4a@shop-pro.jp,+86 823 364 3146
Morgan,mfromant4b@sphinn.com,+880 956 834 0883
Anselma,ahalsho4c@istockphoto.com,+62 804 322 0606
Sari,ssumnall4d@devhub.com,+84 971 442 0756
Vanni,vfellis4e@sina.com.cn,+55 778 273 3787
Claudine,cgilcrist4f@vk.com,+86 269 173 4951
Janela,jturbard4g@baidu.com,+84 948 971 7139
Chiquita,cnewson4h@liveinternet.ru,+420 515 688 1037
Allis,abrightwell4i@weebly.com,+62 936 772 4368
Filia,fmadocjones4j@marriott.com,+233 839 444 5985
Willard,wgoskar4k@weebly.com,+81 926 789 0016
Bradley,bdeerr4l@state.tx.us,+86 120 609 1942
Engracia,efawkes4m@google.fr,+55 738 161 7876
Umberto,ugiamelli4n@vkontakte.ru,+57 312 805 2776
Marmaduke,mtrott4o@seesaa.net,+98 195 911 5900
Anita,ajachimiak4p@nationalgeographic.com,+86 931 381 3080
Bidget,bclarkin4q@elegantthemes.com,+86 616 239 8959
Harriett,hmaitland4r@bloglines.com,+57 615 691 0808
Raffaello,rhedgeman4s@theglobeandmail.com,+62 593 364 2453
Gavrielle,gbrosius4t@sbwire.com,+221 393 136 7732
Berte,bcearley4u@wordpress.org,+86 931 774 7483
Lucian,lbrettelle4v@soup.io,+30 261 699 6963
Jeannie,jgrishechkin4w@shutterfly.com,+977 554 532 2733
Edi,eleavy4x@epa.gov,+86 254 253 2807
Ricky,rtrussell4y@ucoz.ru,+351 619 641 6062
Corny,carnould4z@house.gov,+62 838 957 9143
Julee,jjarrold50@imageshack.us,+380 574 143 4585
Izabel,ibuscher51@studiopress.com,+48 792 322 0011
Kakalina,kreisenberg52@odnoklassniki.ru,+380 556 331 5623
Carmita,csmithson53@cnn.com,+994 369 211 7027
Odelle,owyldbore54@wsj.com,+30 132 752 1196
Arny,ascholefield55@parallels.com,+33 795 240 7063
Ruby,rluby56@yahoo.co.jp,+81 772 555 5120
Bernardo,bsapshed57@yahoo.com,+49 142 366 2597
Renate,rrous58@tinyurl.com,+81 474 410 4887
Nicolette,ntavernor59@qq.com,+86 461 146 5963
Casandra,cdunlap5a@trellian.com,+244 971 211 8378
Kevina,kpittwood5b@webnode.com,+62 707 229 1188
Brod,borafferty5c@exblog.jp,+62 206 877 7596
Jessica,jgiffard5d@cnet.com,+86 624 505 8141
Bunny,bparzis5e@ycombinator.com,+351 368 887 2804
Katerine,kodowgaine5f@ning.com,+7 772 680 9033
Arty,aickowics5g@dot.gov,+226 972 949 1554
Thorsten,tkeattch5h@mtv.com,+55 334 948 5078
Vania,vsandford5i@naver.com,+86 568 750 2333
Debi,dbeaney5j@bandcamp.com,+62 349 662 8621
Nobie,nbritten5k@google.it,+353 596 147 6371
Elmore,egeraldi5l@dropbox.com,+30 960 496 9173
Abbe,ajeannaud5m@census.gov,+420 690 174 3152
Byran,bmenichelli5n@usgs.gov,+86 629 131 6058
Georgina,gfarington5o@yandex.ru,+86 500 534 4927
Calhoun,carnault5p@mysql.com,+55 824 655 8092
Otis,odrinkhill5q@mapquest.com,+351 487 419 9557
Josefa,jschneider5r@163.com,+86 391 799 6633
Harrie,hogready5s@symantec.com,+48 755 787 0222
Tallou,tcolebourne5t@businesswire.com,+86 208 432 3659
Hall,holyunin5u@noaa.gov,+62 988 508 8537
Ruthy,rdomerc5v@ted.com,+51 973 914 7907
Auberon,ablatcher5w@biblegateway.com,+7 272 806 0707
Dominique,dmedcalf5x@economist.com,+63 215 839 7502
Terry,tpharo5y@state.gov,+7 155 143 1814
Miguela,mmacalaster5z@go.com,+389 292 528 7428
Kirsti,kbrayfield60@cafepress.com,+389 392 903 6624
Eugen,efilde61@bravesites.com,+55 490 410 3817
Barrie,bmulles62@howstuffworks.com,+54 354 671 7513
Stillmann,salbrecht63@msu.edu,+62 512 149 9391
Moritz,mjudson64@spiegel.de,+46 565 957 7228
Vikky,veggar65@mayoclinic.com,+86 137 529 9280
Kristan,kfibbit66@acquirethisname.com,+30 139 501 9448
Clemente,cgostage67@gizmodo.com,+420 941 610 9643
Valry,vegle68@jimdo.com,+1 907 880 1561
Farlie,feicheler69@ow.ly,+46 828 912 2813
Weston,wsteaning6a@theguardian.com,+48 494 653 2860
Tracy,tkarpets6b@nydailynews.com,+46 118 481 4149
Anthia,asnaddin6c@amazonaws.com,+212 751 375 9710
Meyer,moscallan6d@pbs.org,+86 984 172 5126
Kimmy,kryal6e@google.com.au,+63 159 235 4335
Ruggiero,rathow6f@aol.com,+86 845 944 7629
Con,cpedwell6g@smugmug.com,+86 873 127 1208
Harriette,hmccobb6h@constantcontact.com,+1 691 166 7462
Darya,dhairsine6i@soundcloud.com,+62 482 764 8802
Orelia,oiacomo6j@t-online.de,+86 878 645 1102
Em,eedgcombe6k@pinterest.com,+93 803 213 4318
Freddy,ffarmer6l@vimeo.com,+54 161 219 6952
Giacinta,gpresser6m@symantec.com,+57 520 274 5606
Kienan,karno6n@nifty.com,+1 432 266 2016
Koenraad,kohollegan6o@chron.com,+86 716 498 3671
Shir,smullany6p@domainmarket.com,+7 564 432 9975
Roxanne,rgiovanardi6q@nationalgeographic.com,+593 248 903 8622
Finlay,fgabriel6r@jalbum.net,+62 286 321 0568
Devonne,demanuel6s@wikipedia.org,+86 801 390 7714
Debra,dgoldring6t@yale.edu,+353 397 894 6357
Miof mela,mramsdale6u@seattletimes.com,+1 217 845 8505
Welch,wkryszka6v@angelfire.com,+62 759 486 7518
Carmelia,cahrendsen6w@aol.com,+7 546 191 6201
Kilian,kcrank6x@msu.edu,+86 329 543 4843
Robers,relington6y@wordpress.com,+966 178 815 1362
Kaitlynn,kdemicoli6z@techcrunch.com,+62 131 366 0747
Taddeusz,tbarrack70@t.co,+62 871 640 4491
Rozalie,rsmithers71@ow.ly,+389 946 567 4743
Marillin,mfealey72@t.co,+52 531 149 0882
Gherardo,gregi73@blogtalkradio.com,+62 970 213 3306
Fanni,fstjohn74@patch.com,+995 583 733 7518
Holden,hferrarin75@imdb.com,+30 662 466 0817
Harry,hcometti76@sciencedirect.com,+47 626 538 0272
Kara-lynn,kchristoforou77@tmall.com,+62 678 663 5087
Christel,cbarribal78@mlb.com,+62 696 794 6305
Reynold,rlewsy79@ca.gov,+7 173 738 2951
Artemas,acree7a@gnu.org,+86 132 165 8004
Prissie,pdzenisenka7b@blogger.com,+84 925 863 9069
Benni,ballso7c@pen.io,+55 254 340 1501
Raquela,rswapp7d@1688.com,+234 191 367 0078
Alis,acomo7e@live.com,+264 772 845 5939
Fidela,frevie7f@is.gd,+86 558 442 2343
Gery,gpattington7g@mtv.com,+1 609 714 8288
Lemuel,lbalshaw7h@wordpress.org,+1 303 521 2667
Jacquie,jneillans7i@ox.ac.uk,+62 149 528 2998
Paxton,pbarwood7j@is.gd,+502 360 824 2537
Bibi,bfalkingham7k@clickbank.net,+27 788 125 1124
Gaile,gwhiles7l@unblog.fr,+86 215 123 7068
Trina,trolinson7m@cocolog-nifty.com,+48 570 765 1402
Alexandre,adenness7n@ucsd.edu,+380 474 762 7452
Kata,kbassill7o@opensource.org,+965 284 115 3297
Ulberto,uboyes7p@imdb.com,+55 987 572 7816
Aurie,asuche7q@msn.com,+62 594 588 2515
Joanne,jgosselin7r@histats.com,+55 671 598 4503
Randy,rburdge7s@google.com,+1 254 561 4061
Kienan,kvarney7t@mtv.com,+62 708 414 8655
Finley,fannwyl7u@google.ca,+504 644 115 1527
Vikki,vwhistan7v@nymag.com,+385 524 116 4291
Cassondra,cflicker7w@weather.com,+62 112 373 2975
Gawain,gairds7x@latimes.com,+86 852 432 2411
Therese,tmarcum7y@cyberchimps.com,+1 865 250 9811
Travis,tocheltree7z@forbes.com,+62 406 876 9395
Nolie,nsimao80@tinypic.com,+998 412 126 6110
Tresa,thurton81@berkeley.edu,+86 887 840 3725
Nevsa,nwiltsher82@cam.ac.uk,+52 478 954 5392
Lona,lbaynham83@sciencedaily.com,+84 717 948 8882
Shanda,sbouchier84@psu.edu,+82 627 131 2662
Melosa,mcoldham85@sfgate.com,+63 559 985 6203
Crin,csambles86@upenn.edu,+30 777 956 3945
Rebekkah,rhartford87@reuters.com,+375 351 995 1703
Dionis,dshilling88@wikimedia.org,+971 236 414 1464
Rubina,rbelbin89@51.la,+31 955 765 1485
Vanny,vcurrom8a@house.gov,+52 214 794 5045
Garrek,grands8b@webmd.com,+63 387 311 1907
Allison,adilgarno8c@bravesites.com,+62 562 180 2554
Janis,jdenness8d@scribd.com,+84 661 932 9112
Wallache,wtrenaman8e@t-online.de,+63 883 896 0438
Julieta,jpook8f@tripod.com,+7 244 725 0927
Ezra,edalmeida8g@cbc.ca,+1 994 638 0948
Jorry,jlippitt8h@miibeian.gov.cn,+86 778 338 8904
Marcello,mmarchenko8i@squarespace.com,+381 979 441 0082
Avictor,apond8j@istockphoto.com,+86 885 149 3337
Brier,bouthwaite8k@about.com,+86 124 585 6479
Sansone,sruddell8l@earthlink.net,+81 497 735 4763
Nerissa,nloyd8m@mtv.com,+55 210 357 3136
Borg,bmildenhall8n@domainmarket.com,+62 753 967 6235
Jock,jbothams8o@irs.gov,+86 761 596 9843
Marti,mdeaconson8p@hugedomains.com,+33 707 858 7195
Elmira,erushby8q@google.ru,+691 101 427 5691
Jenelle,jrobertet8r@comsenz.com,+86 771 420 7883
Gay,gpayle8s@adobe.com,+260 878 832 1329
Alanna,aneubigging8t@salon.com,+86 450 830 5123
Keri,kraithbie8u@wikispaces.com,+504 909 310 8741
Trefor,tfawcett8v@1und1.de,+51 534 275 0492
Margareta,mkonerding8w@histats.com,+33 263 432 4295
Perceval,pingliss8x@jimdo.com,+86 218 494 2672
Schuyler,smousdall8y@topsy.com,+86 561 878 1752
Kori,kgeffe8z@ca.gov,+63 533 139 3516
Chris,cvideneev90@irs.gov,+86 947 271 3496
Dasie,dsimeons91@epa.gov,+505 946 793 8304
Marcille,mcarslaw92@washington.edu,+31 633 922 8133
Aeriela,acoath93@gmpg.org,+84 119 479 8346
Fredi,flavallie94@tiny.cc,+506 554 719 8505
Issi,ikelbie95@upenn.edu,+351 119 607 2277
Matthias,mlinge96@walmart.com,+86 305 161 7099
Roosevelt,rhouselee97@weather.com,+86 640 230 0911
Giuseppe,gcraise98@tmall.com,+224 264 860 9246
Callie,cmaidlow99@amazon.co.uk,+57 448 661 7931
Poppy,pfolli9a@blogspot.com,+86 918 909 8522
Krishna,krawlin9b@weebly.com,+7 828 550 8548
Tod,tszreter9c@mapy.cz,+595 532 416 1525
Elbert,eblount9d@jalbum.net,+420 322 910 6718
Gizela,gwimpress9e@dailymotion.com,+86 574 245 9912
Bay,bsammes9f@edublogs.org,+48 906 387 3904
Mireielle,madamovitch9g@msn.com,+55 415 837 6379
Auria,atompkiss9h@economist.com,+86 861 816 9076
Lelah,lhapgood9i@ebay.co.uk,+62 979 653 7130
Kip,khaddeston9j@domainmarket.com,+7 380 807 9853
Gibby,gastell9k@cnn.com,+86 828 570 4387
Dimitri,dbretherton9l@answers.com,+63 165 957 1904
Cherilynn,cwinfred9m@shop-pro.jp,+66 534 555 1627
Riccardo,rvenditti9n@timesonline.co.uk,+386 672 425 7596
Henrie,hblunderfield9o@businessweek.com,+351 311 193 9037
Haily,hmazzey9p@odnoklassniki.ru,+1 720 815 2870
Collin,cmanoch9q@mapquest.com,+55 395 173 3280
Sarah,srouff9r@macromedia.com,+63 799 871 4407
Othilia,omitrikhin9s@mayoclinic.com,+86 983 136 1852
Margaret,mdorrance9t@jiathis.com,+62 235 646 1702
Pablo,pmilleton9u@wiley.com,+62 443 907 4465
Lonnie,lenglefield9v@msn.com,+351 781 734 7670
Farly,fdigan9w@ebay.co.uk,+55 227 286 0330
Rosalinde,rflear9x@chronoengine.com,+86 332 330 1477
Jayme,jmegany9y@people.com.cn,+48 769 194 5362
Thorpe,tdowell9z@jiathis.com,+57 777 735 7732
Kaycee,kgiddya0@123-reg.co.uk,+48 959 858 5109
Cassondra,chorleya1@tripod.com,+62 791 763 1716
Leonardo,lorsa2@sbwire.com,+84 621 223 8933
Tallulah,tblaxtona3@ft.com,+1 859 508 2966
Huey,hwedgbrowa4@furl.net,+244 506 738 1822
Vite,vvotiera5@t-online.de,+353 843 686 7835
Henry,hgooldinga6@ucoz.com,+55 202 548 5930
Niall,npeeta7@baidu.com,+62 895 104 2994
Larine,lkislingburya8@cbc.ca,+52 303 892 9780
Danielle,dlisciardellia9@slate.com,+380 525 478 4269
Penny,pcamlinaa@walmart.com,+86 509 493 8134
Payton,pflecknoeab@scribd.com,+48 688 247 0524
Oliviero,otarquiniac@ihg.com,+237 419 712 3972
Corabella,cwhebellad@nytimes.com,+86 573 938 5119
Jerrome,jmctearae@wordpress.com,+351 106 782 9148
Brandice,bchetteraf@google.co.jp,+86 888 217 9251
Gypsy,gwillmerag@sciencedirect.com,+51 487 503 9068
Burl,bmudleah@behance.net,+33 112 304 0212
Martyn,mtrytsmanai@ted.com,+351 989 764 7927
Dannie,dscryneaj@tamu.edu,+86 347 436 2753
Brinna,bderricoatak@weibo.com,+62 510 436 9272
Basilio,bpollardal@tumblr.com,+66 794 767 6997
Regine,rgoldingam@ovh.net,+54 633 471 1792
Rodrique,rvenmorean@timesonline.co.uk,+62 154 293 0070
Sibel,sraittao@nifty.com,+58 127 567 7976
Leoline,lbarnewelleap@printfriendly.com,+81 817 619 9177
Vannie,vmcnirlanaq@dmoz.org,+81 325 846 3104
Judie,jfarrawayar@51.la,+86 708 346 0178
Georgetta,gtommaseoas@dmoz.org,+86 487 132 1036
Alfred,ashortanat@microsoft.com,+216 618 629 1218
King,kreadyau@ft.com,+7 165 520 3683
Davide,dyoslowitzav@free.fr,+55 529 692 4802
Ileane,ibussellaw@abc.net.au,+351 369 872 3668
Owen,omelbertax@mozilla.com,+212 326 797 5057
Mathilde,mciciottiay@abc.net.au,+591 665 464 5422
Dorelle,dpattesallaz@smugmug.com,+30 848 966 1324
Raphael,rcasab0@shop-pro.jp,+63 886 807 4978
Gaven,gpellewb1@mashable.com,+49 359 162 0392
Nero,nwrenb2@bloglines.com,+7 784 632 6299
Alonso,amcquilliamb3@chronoengine.com,+994 525 242 8912
Weber,waharonib4@feedburner.com,+30 452 356 5156
Emanuele,emacillrickb5@live.com,+33 690 804 7512
Daven,dschutteb6@paginegialle.it,+62 726 638 2117
Anet,aruffb7@drupal.org,+86 127 862 4438
Joela,jtumeltyb8@home.pl,+86 438 652 6459
Lorrin,lvandecasteleb9@auda.org.au,+62 539 860 7064
Garwin,ghinderba@i2i.jp,+62 802 682 1368
Rivalee,rmcelvoguebb@spiegel.de,+970 312 932 4951
Clarisse,civantsovbc@state.gov,+374 170 437 6716
Baldwin,bcecerebd@cpanel.net,+48 898 629 8698
Ravi,rgarmansbe@cbslocal.com,+351 652 508 3234
Blaire,bwiszniewskibf@jigsy.com,+30 764 890 0281
Jacky,jpieruccibg@bloglines.com,+62 117 134 8034
Linn,lmosconebh@cnn.com,+968 330 620 5178
Dalenna,ddiperausbi@webnode.com,+351 909 799 4295
Adams,aconverybj@ezinearticles.com,+51 166 600 2373
Claiborne,cantrumbk@ning.com,+1 701 448 9337
Agnes,acordeaubl@trellian.com,+7 378 439 0826
Arie,amacgebenaybm@bloglovin.com,+86 257 295 9954
Sephira,sknaggesbn@squarespace.com,+351 677 277 4420
Skelly,sjimenobo@desdev.cn,+86 702 224 2729
Vasilis,vhassentbp@quantcast.com,+962 679 231 9287
Nollie,nclemptonbq@addtoany.com,+86 888 931 4973
Theodoric,traintonbr@1und1.de,+7 828 313 3756
Christiana,cmctiernanbs@google.ca,+86 576 450 1014
Jaime,jcodemanbt@blinklist.com,+7 446 582 0994
Frayda,fwoolfbu@posterous.com,+1 267 417 2097
Evaleen,easkinbv@istockphoto.com,+221 881 287 9884
Cordie,cdoylebw@theatlantic.com,+86 343 888 4326
Morganica,mbursnollbx@google.es,+351 604 474 1168
Llywellyn,lrakestrawby@bandcamp.com,+86 199 602 0207
Lorrie,lsplevinsbz@howstuffworks.com,+351 142 280 6175
Moreen,mgiffinc0@wsj.com,+62 984 173 1811
Amity,aknightonc1@jugem.jp,+351 483 125 8527
Winona,wbarklyc2@indiatimes.com,+55 989 439 9520
Paten,ppaynec3@ed.gov,+86 382 561 9944
Rogerio,rmatysc4@vinaora.com,+63 928 302 2128
Maggy,mscallonc5@imageshack.us,+86 465 874 4328
Amaleta,anaveinc6@eventbrite.com,+51 921 468 6903
Stephi,sstorerc7@clickbank.net,+970 438 139 1555
Emelda,ewyrallc8@tamu.edu,+66 921 741 6785
Catlee,cgossagec9@opensource.org,+63 600 402 7769
Lisette,lpetticrowca@quantcast.com,+380 687 111 1361
Joanna,jmargettscb@oracle.com,+216 571 924 4671
Renate,rbraggcc@blogs.com,+374 431 335 6370
Hannis,hlindbladcd@sbwire.com,+1 860 577 5717
Berna,bmckeaveneyce@ocn.ne.jp,+81 335 268 7293
Ragnar,rgatehousecf@jimdo.com,+84 105 434 4861
Valencia,vblazycg@tumblr.com,+53 150 631 4020
Lina,lelletsonch@admin.ch,+880 671 320 1369
Derril,dgeavesci@domainmarket.com,+7 158 496 3031
Kiley,kmcmastercj@jimdo.com,+380 739 875 6275
Dayle,dkruszelnickick@mashable.com,+86 987 693 6771
Hermione,heasomcl@adobe.com,+55 505 220 2755
Marilin,mgronnocm@desdev.cn,+86 880 892 3002
Mariejeanne,mpeevorcn@sciencedaily.com,+20 493 174 9708
Martynne,mdehoochco@google.ru,+86 943 285 3940
Ellette,escrinagecp@webmd.com,+55 893 573 7703
Ruthy,rcrispincq@123-reg.co.uk,+62 416 227 1377
Torrin,tburgwincr@ustream.tv,+86 685 140 5534
Merrie,mspringellcs@ucoz.com,+385 572 893 8993
Findley,fdibbsct@ocn.ne.jp,+7 976 528 5053
Mattheus,mclemersoncu@multiply.com,+62 588 468 6258
Celie,cluthwoodcv@wikimedia.org,+51 252 763 4611
Johnette,jbaudouxcw@businesswire.com,+7 306 110 5052
Thorvald,tarnaudetcx@soup.io,+593 869 751 2487
Jerry,jchattockcy@printfriendly.com,+36 805 472 0110
Diego,dcoalbrancz@bigcartel.com,+86 934 894 5711
Myrlene,mkleinfeldd0@prlog.org,+7 688 310 9986
Erna,eblastockd1@hao123.com,+55 682 789 7103
Etienne,eheintzd2@usnews.com,+46 990 998 4503
Roy,ralldend3@dailymail.co.uk,+86 708 264 1970
Wolfy,wbraunterd4@diigo.com,+33 807 676 5360
Gawen,gpilmerd5@arstechnica.com,+86 705 682 7235
Vivianne,vguded6@jalbum.net,+33 858 490 4330
Albina,abonsaled7@dmoz.org,+7 228 501 8095
Becka,bbrundalld8@4shared.com,+1 610 112 9906
Padget,pmeecherd9@a8.net,+234 697 722 8892
Dew,dbroadstockda@pcworld.com,+86 146 385 0879
Page,ptowerdb@vinaora.com,+86 444 557 8004
Beatrice,bdringdc@huffingtonpost.com,+505 788 832 1951
Eudora,eobyrnedd@deviantart.com,+63 220 772 0184
Berty,bmaciasde@dot.gov,+355 954 966 6855
Delaney,ddigiacomettinodf@lycos.com,+27 207 501 7548
Sarette,scastellidg@cdbaby.com,+84 158 534 8874
Atlanta,agivensdh@archive.org,+81 942 875 7391
Myca,mberrydi@merriam-webster.com,+93 163 280 9062
Sherwood,scraufurddj@webmd.com,+358 353 902 3215
Payton,ploughandk@globo.com,+1 863 500 3081
Hortense,hcollinghamdl@yahoo.com,+386 519 205 1035
Dyanna,dloyntondm@mapquest.com,+47 791 432 6550
Page,pgulcdn@dion.ne.jp,+55 601 655 9713
Anneliese,abackendo@washington.edu,+689 880 780 1797
Patten,pconklindp@xrea.com,+855 640 540 0036
Kristopher,kcoombesdq@dropbox.com,+86 660 241 1899
Laurent,lpeetermanndr@hostgator.com,+55 335 915 6397
Gaelan,gdumpletonds@twitpic.com,+970 713 292 2060
Annaliese,akirtlanddt@linkedin.com,+86 616 209 4459
Gladi,gharknessdu@cbsnews.com,+62 375 536 3103
Melvin,malliottdv@mediafire.com,+62 166 887 1182
Sherm,srippendw@weebly.com,+86 465 957 8161
Petronella,pbathersbydx@blinklist.com,+48 369 471 1806
Jane,jlillicropdy@msu.edu,+33 726 980 8846
Marwin,mbunstonedz@tinyurl.com,+254 967 907 0467
Marena,msapsfordee0@samsung.com,+353 436 879 7215
Florrie,ffurmagee1@prlog.org,+1 792 823 9518
Maxie,mbrounfielde2@live.com,+351 582 956 9552
Nessi,nfarraghere3@e-recht24.de,+86 997 823 8162
Ted,tfreake4@wikia.com,+62 908 408 5354
Leupold,lkunzelmanne5@baidu.com,+62 527 322 0000
Connie,ckelsone6@businesswire.com,+375 433 677 7452
Kirby,klegiere7@ezinearticles.com,+351 626 661 7177
Gillian,gsimmige8@intel.com,+48 181 956 6287
Norina,nchaineye9@imgur.com,+62 135 594 5724
Andreas,aclimanceea@gov.uk,+58 888 625 4202
Kessiah,kheadrickeb@google.de,+86 835 821 4337
Christye,cadamecec@cdbaby.com,+86 579 300 7338
Herminia,hmacallaned@addtoany.com,+86 269 915 3354
Bella,bcorneckee@netscape.com,+352 437 264 8207
Georgina,gepiletef@indiegogo.com,+62 974 424 7336
Elihu,eibanezeg@theglobeandmail.com,+62 409 889 0873
Bidget,bdudbridgeeh@umich.edu,+381 867 555 4064
Micah,mgafferei@nature.com,+86 742 362 0085
Ardelis,ahailyej@mac.com,+86 698 884 0809
Bambi,bpauelek@paypal.com,+49 415 990 3734
Care,cdanbrookel@skype.com,+86 627 509 0750
Allen,amilem@devhub.com,+7 429 983 9988
Wolfie,wobroganeen@princeton.edu,+55 881 277 2727
Andrej,aphaupeo@vk.com,+63 449 440 2961
Kassia,kitzkowiczep@topsy.com,+62 884 696 4855
Adelaida,amcteagueeq@icio.us,+48 462 969 4863
Forrester,ffranzewitcher@kickstarter.com,+502 258 276 7547
Pen,pcastrilloes@flavors.me,+93 659 741 5206
Tami,ttaverneret@smh.com.au,+34 453 661 9581
Tomkin,tparemaneu@umn.edu,+7 498 564 8159
Ursula,uthayev@reuters.com,+62 760 362 0371
Avram,awebbornew@tripadvisor.com,+47 560 958 1770
Lancelot,llightollersex@constantcontact.com,+1 317 744 3792
Carmine,cdorboney@bravesites.com,+7 442 274 4616
Reuven,rshortanez@va.gov,+62 785 891 9181
Gretchen,gsandellsf0@miitbeian.gov.cn,+86 644 356 1053
Johann,jtilberryf1@github.io,+62 518 199 2441
Alric,achartf2@usnews.com,+1 359 330 3080
Royall,rcleaverf3@elpais.com,+62 856 816 6096
Herrick,hbottonf4@bizjournals.com,+976 298 848 6871
Vivian,vhoylef5@ucoz.ru,+46 514 544 0150
Aylmer,aadelsbergf6@china.com.cn,+62 797 949 2982
Maddie,medmonstonf7@walmart.com,+595 833 961 0338
Morgan,mkimblyf8@reddit.com,+63 636 505 9145
Amery,aharmestonf9@phoca.cz,+63 107 765 4211
Dion,dtareefa@usatoday.com,+86 122 621 3168
Jessika,jbewsheafb@house.gov,+62 677 610 0928
Theodor,tboarleysonfc@nifty.com,+62 150 785 4869
Michal,mscrutonfd@wisc.edu,+55 387 708 6668
Alfreda,afaivrefe@tiny.cc,+54 170 357 3294
Boone,bzimaff@facebook.com,+681 459 463 8153
Elsinore,ephilcottfg@gov.uk,+33 663 878 4198
Vergil,vpullinfh@businesswire.com,+1 704 171 7854
Ingeborg,ireyfi@oracle.com,+62 808 718 0718
Augustus,acuttlefj@biglobe.ne.jp,+62 590 217 6016
Happy,hsowmanfk@samsung.com,+504 773 944 0727
Hashim,hjaukovicfl@unesco.org,+43 890 523 4605
Kathryne,khiggenfm@archive.org,+7 547 262 9897
Dorette,dbeakfn@myspace.com,+57 327 546 5916
Rodolfo,rstubbleyfo@google.ru,+1 145 387 7895
Emmalyn,efurlongefp@narod.ru,+62 673 922 4900
Giselbert,gbrownsteinfq@tiny.cc,+81 137 622 6271
Mallory,mventamfr@barnesandnoble.com,+63 653 836 2164
Filia,fbittlestonefs@aboutads.info,+351 407 969 3044
Burnard,bjumontft@ow.ly,+60 716 340 0146
Freeland,flarrowayfu@cloudflare.com,+62 391 424 8397
Farley,foruddenfv@cafepress.com,+880 971 457 9011
Ardelis,afoulksfw@cisco.com,+27 126 463 3535
Rabi,rheibelfx@guardian.co.uk,+62 489 253 2685
Hansiain,hcolesonfy@imdb.com,+1 612 725 2222
Olive,odouchefz@npr.org,+51 782 534 5776
Margie,mbirtsg0@so-net.ne.jp,+86 255 491 0916
Tulley,tbewshireg1@istockphoto.com,+973 392 395 7743
Loretta,lschuhg2@blogs.com,+351 215 273 3917
Tandy,tleverittg3@about.me,+63 244 293 8938
Kerry,khubaneg4@sphinn.com,+86 495 752 4499
Decca,denrigog5@intel.com,+86 657 379 4377
King,kmatthenseng6@wix.com,+974 228 987 2205
Ellynn,emullinsg7@miitbeian.gov.cn,+54 475 526 0083
Kendell,ksmedmoreg8@omniture.com,+51 526 891 6925
Marge,mkennyg9@example.com,+389 342 720 3058
Rube,rpallatinaga@homestead.com,+1 888 188 6232
Gard,gtrobeygb@cornell.edu,+66 174 585 6722
Marillin,mbasiregc@blog.com,+62 255 328 7932
Christian,cdimmnegd@army.mil,+356 672 201 9717
Paulo,pmacpaikege@aboutads.info,+381 709 451 7669
Peggie,psingyardgf@t-online.de,+1 244 226 5030
Madelyn,mlehongg@slashdot.org,+33 935 118 6912
Rhianna,rlewndengh@flickr.com,+95 199 649 1723
Izak,ilightengi@studiopress.com,+1 155 732 5155
Susanne,sattocgj@samsung.com,+1 818 211 8892
Olag,ostathamgk@disqus.com,+1 252 355 2139
Trudy,trimellgl@baidu.com,+1 773 135 2834
Jessamyn,jpadfieldgm@nature.com,+46 889 601 7730
Hall,hrichardingn@princeton.edu,+593 641 743 5466
Nertie,nrobkego@purevolume.com,+57 408 924 4674
Coriss,cmacdonaghgp@msu.edu,+63 744 615 0655
Duke,drosingdallgq@spiegel.de,+86 631 699 2704
Letitia,lallebonegr@diigo.com,+49 463 312 3716
Celestyna,cmarwickgs@clickbank.net,+691 418 386 1889
Adi,amatignongt@fc2.com,+86 803 483 5051
Brennen,bstackbridgegu@latimes.com,+678 216 242 1283
Ulises,ufarndalegv@google.co.uk,+27 912 408 7733
Glenna,gsamuelsgw@toplist.cz,+86 109 880 6345
Palm,pkighlygx@bravesites.com,+7 221 682 3176
Devon,dnorthgravesgy@hhs.gov,+380 657 497 4104
Pasquale,pphilpsgz@sourceforge.net,+212 616 858 2469
Natalya,nlocktonh0@hexun.com,+233 357 137 6856
Melva,mkemetzh1@gravatar.com,+62 260 604 8053
Benoite,bkidnerh2@mysql.com,+1 707 971 5474
Hugues,hpierpointh3@hc360.com,+371 475 842 2151
Ulrick,udaltreyh4@weibo.com,+86 620 120 7915
Junette,jleverentzh5@lulu.com,+86 199 683 8855
Cate,ciorizzoh6@unicef.org,+39 703 935 6812
Friedrick,fshimmingsh7@meetup.com,+51 965 458 1605
Guy,gbrumptonh8@is.gd,+51 476 831 2517
Jacqui,jtregeah9@fastcompany.com,+380 166 462 1202
Northrup,nfowlsha@examiner.com,+380 393 589 1381
Letisha,llygohb@latimes.com,+62 787 157 6755
Burtie,boldnallhc@unesco.org,+351 369 598 6840
Devland,dstoakshd@ft.com,+44 341 231 4730
Keary,kcalberthe@umn.edu,+7 656 240 5103
Aurelia,amacdonellhf@prnewswire.com,+55 282 752 2494
Meghan,mouterbridgehg@cdc.gov,+62 884 758 1534
Nessie,nbruyethh@zimbio.com,+63 155 794 5633
Coralie,cmussingtonhi@wordpress.org,+86 831 196 5463
Frederick,fhopfnerhj@ifeng.com,+62 380 764 6706
Bonny,bmcgarrellhk@lulu.com,+86 604 558 3939
Luella,lpougherhl@eventbrite.com,+63 406 969 4155
Milty,mmaynehm@elpais.com,+55 275 234 1195
Merle,mvarrenhn@booking.com,+86 521 834 5097
Adelaida,areinho@blogspot.com,+962 972 501 7826
Nicolais,nlafrentzhp@yale.edu,+86 700 426 2920
Melisandra,mdavidowichhq@archive.org,+380 708 995 2504
Maury,mrytonhr@csmonitor.com,+63 903 829 3612
Barby,bjeffhs@bbb.org,+30 822 678 2185
Darren,dtandeyht@sun.com,+57 739 372 4213
Merilyn,mjewelhu@wikipedia.org,+63 755 150 7500
Bradley,ballmannhv@google.com.au,+261 146 765 7721
Aurelea,akernehw@time.com,+27 874 244 0706
Lynsey,lsinsonhx@altervista.org,+504 465 345 9915
Berry,bkopmanhy@dmoz.org,+86 762 142 9950
Randy,retheredgehz@163.com,+82 407 477 3310
Jamison,jvenneyi0@kickstarter.com,+62 492 493 5709
Antin,apiwelli1@latimes.com,+352 499 631 9215
Haywood,hdupoyi2@surveymonkey.com,+46 975 824 8410
Valentino,vvialli3@domainmarket.com,+63 711 606 7540
Gabriell,ggibkei4@shutterfly.com,+55 865 932 6770
Dell,dbrastedi5@example.com,+507 285 685 8281
Daniel,dkingdomi6@taobao.com,+7 645 992 2983
Erik,estaintonskinni7@go.com,+33 792 515 6954
Andre,abernati8@bbc.co.uk,+86 239 531 8406
Kati,kwadleyi9@npr.org,+216 604 591 3013
Dulsea,dgrowcockia@dell.com,+54 587 347 2542
Jere,jwalkeyib@newsvine.com,+86 116 997 2891
Joel,jbestallic@amazon.de,+964 176 259 1968
Ashli,adodimeadid@wunderground.com,+56 822 135 2507
Lorrayne,lshegogie@google.co.jp,+51 290 154 0956
Tierney,tquantrillif@google.it,+263 943 254 6414
Elijah,ehaugehig@symantec.com,+225 287 125 5705
Elvis,epepperillih@microsoft.com,+86 569 164 5949
Carmon,cwyrallii@msn.com,+86 239 292 0172
Natal,njansaij@soup.io,+86 992 150 8463
Shela,srelfeik@ucoz.ru,+269 996 901 1031
Izabel,ibaversoril@cnet.com,+233 796 699 2519
Robinett,rsedwickim@delicious.com,+1 757 542 9397
Griz,gspilemanin@salon.com,+1 812 396 3025
Minnie,mswettio@spotify.com,+46 396 462 3861
Carmine,cupcottip@omniture.com,+216 809 803 0062
Frasquito,fkalischiq@bbb.org,+66 356 369 0396
Merle,mcrangleir@umn.edu,+374 893 472 3323
Maggee,mheninghemis@networkadvertising.org,+1 394 399 5040
Violante,vleupoldit@scribd.com,+1 702 393 5087
Cris,chendriksiu@sitemeter.com,+66 131 348 9405
Marketa,mpigdoniv@hp.com,+86 154 662 3319
Graeme,greardoniw@ftc.gov,+48 339 523 4839
Karrah,ktowndrowix@admin.ch,+63 881 648 5764
Emelen,epapaccioiy@newsvine.com,+63 692 126 4965
Virginia,vcorderyiz@washington.edu,+55 316 647 3937
Demetrius,dhartwrightj0@arstechnica.com,+63 212 417 0336
Cornall,cnevittj1@surveymonkey.com,+52 431 792 0891
Randolph,rbanbrookj2@people.com.cn,+33 186 334 6877
Stacee,sgergej3@ft.com,+387 121 801 0535
Denys,dmehmetj4@oakley.com,+359 507 936 2431
Solly,seleshenarj5@shinystat.com,+63 476 523 3560
Colline,ctaaffej6@wikimedia.org,+62 620 887 4675
Nicolas,ntylorj7@reuters.com,+33 646 626 9805
Indira,iolohanj8@g.co,+1 305 218 6648
Itch,itrunbyj9@blogtalkradio.com,+46 242 968 5030
Trumann,tkupkeja@springer.com,+63 571 370 2250
Roosevelt,radaojb@a8.net,+358 663 922 6045
Pavlov,pbleasdillejc@accuweather.com,+33 179 460 1153
Daffi,djossjd@macromedia.com,+48 972 896 2686
Shanta,slyptritje@ihg.com,+46 877 472 2742
Randolph,ronraetjf@people.com.cn,+51 983 245 8061
Gerry,galexanderssonjg@naver.com,+7 859 964 2989
Alonso,amccormackjh@sourceforge.net,+86 498 248 7050
Kippy,kcrowdenji@infoseek.co.jp,+62 462 313 5160
Ring,rsimacekjj@merriam-webster.com,+234 887 544 7808
Alis,ashwennjk@typepad.com,+261 336 698 2302
Vivyanne,vatmorejl@princeton.edu,+62 948 579 8636
Antoinette,akilbournjm@washingtonpost.com,+359 904 754 8793
Gayle,ghazeleyjn@mtv.com,+355 416 237 7634
Aleta,aroughtjo@google.cn,+62 935 480 2413
Ruby,rwaitlandjp@nytimes.com,+86 681 556 8617
Gaven,goxleejq@vistaprint.com,+86 745 181 4040
Vilhelmina,vcowplandjr@kickstarter.com,+86 506 331 2802
Mortie,mmaginnjs@themeforest.net,+62 561 314 3223
Torrie,thamperjt@linkedin.com,+86 855 736 7327
Stanley,sworsterju@myspace.com,+62 775 332 8767
Eldon,egrennanjv@delicious.com,+1 412 502 4595
Vernice,vpinejw@army.mil,+33 535 294 0368
Brigg,byerburyjx@bing.com,+86 211 607 8740
Adrianna,aacumjy@people.com.cn,+86 827 749 4207
Lucia,lbuckhurstjz@sohu.com,+380 733 731 9371
Marlin,mboschek0@sciencedirect.com,+86 666 213 5045
Hillel,hchristoffelsk1@phpbb.com,+86 289 390 9864
Rollin,rsymmonsk2@va.gov,+351 769 580 3372
Laurie,lnearsk3@sakura.ne.jp,+351 668 668 0561
Rona,rshuttleworthk4@bing.com,+62 971 413 2212
Nonnah,nalessandrettik5@woothemes.com,+30 404 535 0684
Elberta,egwinnelk6@phoca.cz,+86 466 930 7113
Deny,dportk7@deliciousdays.com,+48 736 550 7168
Bert,bfeatleyk8@amazon.com,+996 418 639 4449
Prue,plernihank9@feedburner.com,+33 518 712 5759
Immanuel,ikernka@mlb.com,+63 884 395 9564
Thorndike,tpitmankb@reverbnation.com,+381 814 939 5710
Ninnetta,ngeertjekc@zdnet.com,+84 470 926 3802
Felicdad,fmetschkekd@comsenz.com,+86 793 198 2189
Porty,pcartmelke@nymag.com,+591 218 160 0960
Bone,bfishbournekf@usnews.com,+86 497 800 7539
Jacquelin,jwhitehousekg@go.com,+27 427 148 9270
Skyler,sskogginskh@yandex.ru,+86 948 952 7538
Elita,earnaudinki@admin.ch,+1 671 813 7506
Sharla,srutiglianokj@omniture.com,+56 865 904 2400
Alidia,akopmannkk@symantec.com,+351 146 789 4141
Averyl,aitshakkl@sun.com,+380 713 224 9885
Wilmer,wandryushinkm@cisco.com,+46 954 752 6949
Tammi,tbreslinkn@elegantthemes.com,+385 513 620 7221
Paquito,pmathenko@ucla.edu,+51 713 310 8677
Ezequiel,ecristofaninikp@examiner.com,+48 455 802 4876
Sherilyn,sabramowkq@blogtalkradio.com,+380 127 532 0803
Bret,bcowupkr@sciencedaily.com,+86 950 590 2488
Berne,bairdrieks@youku.com,+63 988 525 8419
Zola,zelseykt@harvard.edu,+7 886 833 7383
Maurice,mbegwellku@ucoz.com,+970 604 499 4993
Debbi,dburnallkv@macromedia.com,+30 986 883 2882
Steffen,sdechastelainkw@ycombinator.com,+86 406 348 5782
Gabey,gfolderkx@cloudflare.com,+92 522 396 5071
Casper,chollingtonky@de.vu,+420 785 585 2837
Jermaine,jlacroixkz@reference.com,+53 532 368 5823
Vladimir,vcardenasl0@artisteer.com,+63 486 455 0324
Sholom,sciccottinil1@youtu.be,+63 785 880 2906
Anthia,afairecloughl2@51.la,+1 660 697 8335
Winonah,wpaulmannl3@booking.com,+86 691 721 5974
Dorelle,dteeneyl4@techcrunch.com,+86 887 500 4405
Morty,mcaltonl5@i2i.jp,+46 733 248 3604
Judas,jmackettl6@rambler.ru,+62 685 732 9559
Corenda,cciccottil7@qq.com,+62 456 507 5788
Cordy,cbraunesl8@wiley.com,+7 104 651 9112
Garland,gtitteringtonl9@fema.gov,+7 477 958 6469
Mal,mdeeneyla@ebay.co.uk,+976 991 565 4733
Garik,gmatteinilb@census.gov,+52 749 165 4577
Rowan,rtudballlc@phpbb.com,+62 258 345 2054
Noam,nsnelgarld@feedburner.com,+62 647 383 8336
Curtis,ckinneallyle@addthis.com,+86 297 964 5160
Joanne,jlittlejohnlf@nhs.uk,+57 519 977 9060
Olivette,olabelllg@cargocollective.com,+63 215 502 9250
Anitra,adumpletonlh@mapquest.com,+55 280 520 8814
Bernita,bhaineyli@twitter.com,+46 346 344 1296
Gabriela,gshemminglj@adobe.com,+353 662 933 7529
Jehu,jthirlwelllk@free.fr,+7 603 112 6340
Serena,srappportll@dailymail.co.uk,+86 964 418 3582
Lu,lmoriganlm@nba.com,+7 498 663 2017
Pincas,psowrahln@soup.io,+86 706 692 2394
Edik,ebeamisslo@hostgator.com,+382 908 707 6818
Cecil,cdigregoriolp@bluehost.com,+381 388 985 7941
Melli,mtatfordlq@java.com,+1 911 731 2702
Arte,anurseylr@mapquest.com,+62 656 953 1348
Ingunna,ifontellls@earthlink.net,+420 139 479 8454
Salem,sthewslt@t.co,+53 589 956 1985
Anabal,afidoelu@mozilla.org,+234 519 715 7855
Gabbie,gcaughtelv@columbia.edu,+86 427 519 8582
Quentin,qevelynlw@icq.com,+86 499 642 9569
Sigismundo,srupertlx@examiner.com,+63 681 498 3200
Dolores,dtownsleyly@shinystat.com,+380 567 956 0257
Kennan,kbradderlz@amazon.co.uk,+63 519 701 4091
Emmeline,ecraighallm0@nydailynews.com,+33 861 864 2377
Barnabas,bcancottm1@yandex.ru,+86 445 983 9742
Benyamin,bplummerm2@nydailynews.com,+66 951 700 7605
Kylynn,khowsem3@jigsy.com,+242 972 536 9531
Cinnamon,cdursleym4@google.com,+358 540 956 2312
Justus,jranshawm5@ebay.com,+62 157 944 4260
Krista,krappsm6@accuweather.com,+964 529 207 7637
Valaria,vclayfieldm7@tuttocitta.it,+226 312 574 8508
Myriam,marchbouldm8@fotki.com,+55 451 396 0673
Nanine,nnewberrym9@zimbio.com,+86 346 939 3428
Geneva,gmaryottma@theatlantic.com,+33 516 311 2878
Timothea,tdrakemb@shinystat.com,+46 927 999 3118
Ginger,gperssemc@google.com.au,+62 788 604 5883
Nicol,nmatesmd@sina.com.cn,+55 735 641 0925
Kenneth,khavenhandme@tuttocitta.it,+970 658 342 1055
Kurtis,kberkelaymf@si.edu,+966 860 193 5499
Juliette,jbruggemanmg@furl.net,+351 806 811 1171
Nannette,nhalversenmh@bing.com,+1 405 581 9660
Sabra,ssimonichmi@alexa.com,+49 348 343 2516
Rosemarie,rbassindalemj@cargocollective.com,+380 644 463 2909
Giulio,gdorritymk@chicagotribune.com,+351 627 827 0693
Perry,prigolleml@google.nl,+7 703 825 8630
Karina,kswornemm@home.pl,+86 777 425 1361
Gerti,gcountermn@hexun.com,+46 714 769 8189
Burton,bgilcristmo@cafepress.com,+55 933 670 4409
Sarita,sdrinkelmp@reverbnation.com,+86 220 702 2820
Vladimir,vhannibalmq@cocolog-nifty.com,+1 214 311 2943
Dar,dcocklemr@acquirethisname.com,+55 111 334 6978
Christye,cdammarellms@deviantart.com,+84 742 514 3853
Ranee,rbraisbymt@mysql.com,+63 702 374 3695
Lea,lnataliemu@epa.gov,+84 440 599 5094
Alberto,amillimoemv@si.edu,+86 743 567 8373
Ham,hhaggatamw@usgs.gov,+63 157 190 5938
Casper,cmunsonmx@yahoo.co.jp,+7 175 985 5999
York,yboyatmy@google.co.jp,+86 497 234 5894
Giusto,gplaicemz@ftc.gov,+81 705 401 4881
Aluin,aballantynen0@ucoz.ru,+374 890 238 1568
Nye,nmacgiollapheadairn1@admin.ch,+385 654 150 0675
Zachary,zstowgilln2@fastcompany.com,+7 288 882 9130
Igor,isuddelln3@seattletimes.com,+62 699 353 9826
Justinn,jwardropen4@desdev.cn,+357 637 436 7173
Nonie,nwindrumn5@cnbc.com,+86 696 666 4892
Basia,bdudsonn6@yolasite.com,+86 113 752 4217
Cloe,corrumn7@nytimes.com,+86 798 550 1148
Melisande,mpeggramn8@instagram.com,+63 611 666 2866
Lurlene,lplitzn9@tiny.cc,+358 115 194 3390
Audi,adecleenna@baidu.com,+420 840 550 0823
Chelsea,cswannellnb@google.cn,+55 472 524 1157
Jefferey,jvanyashinnc@usnews.com,+44 829 731 6694
Melanie,mrighynd@netvibes.com,+1 302 970 5090
Skye,sgrundwaterne@dagondesign.com,+1 727 470 4854
Darcy,ddrapernf@creativecommons.org,+46 739 601 9290
Marylou,mbrimnerng@alibaba.com,+86 348 666 0375
Tore,teilhertsennh@engadget.com,+86 985 816 8297
Hana,hagronskini@xing.com,+371 735 700 5555
Mignonne,mhulbertnj@lulu.com,+232 112 453 6589
Harriet,hchoffinnk@wikimedia.org,+63 313 165 2508
Cyndie,cpoluzzinl@nationalgeographic.com,+33 629 471 4277
Lynnea,ledrichnm@squarespace.com,+594 630 310 7882
Artus,agabbitusnn@ebay.co.uk,+351 619 791 3153
Theodora,tmeldrumno@uol.com.br,+54 116 635 0901
Bartel,bgaulnp@deliciousdays.com,+258 565 293 9908
Dianemarie,dbriskernq@nbcnews.com,+55 665 295 4537
Mac,mjarrittnr@baidu.com,+55 374 942 5838
Kristoffer,kmixworthyns@thetimes.co.uk,+33 459 779 6030
Edik,ezuppant@unicef.org,+86 294 499 5321
Arlena,abroginu@blogs.com,+62 882 564 2976
Lori,lcaigernv@ca.gov,+389 631 295 8052
Drake,dtenpennynw@goo.gl,+261 596 464 8069
Korey,kpoonenx@accuweather.com,+86 145 769 9917
Teador,tcorryerny@cbsnews.com,+30 727 759 2960
Steward,sleregonz@sakura.ne.jp,+33 117 603 6590
Claribel,cclaptono0@wikia.com,+62 849 598 9922
Jean,joloinno1@washingtonpost.com,+7 364 537 0111
Demott,dhairso2@nydailynews.com,+48 167 556 2158
Margarette,mmulvaneyo3@domainmarket.com,+255 886 524 4519
Roshelle,rfreakeo4@baidu.com,+86 412 353 9278
Cosmo,cferroo5@miibeian.gov.cn,+33 726 662 5045
Tate,tanfussoo6@meetup.com,+62 852 501 7566
Stephani,scombeso7@ocn.ne.jp,+86 450 399 2456
Deloria,dgurneyo8@businessweek.com,+30 319 761 7853
Serena,sgorewayo9@hc360.com,+81 931 522 9781
Nessi,nsallissoa@homestead.com,+55 606 170 7327
Audi,alocardob@wikia.com,+84 252 256 5346
Alexandra,amacanespieoc@cafepress.com,+7 306 263 7002
Brynn,bgerratyod@ucoz.ru,+63 707 284 6718
Alford,akeechoe@drupal.org,+7 277 425 9675
Danell,dtilbyof@webmd.com,+62 423 733 3454
Riordan,rabbadoog@nydailynews.com,+1 740 950 5115
Jeanie,jmulveyoh@canalblog.com,+351 513 662 4268
Fallon,fbrixhamoi@rambler.ru,+7 566 843 2518
Rodge,rfarreroj@addthis.com,+86 587 198 7683
Kory,ktondeurok@phpbb.com,+51 464 171 8373
Jasen,jmenloveol@nifty.com,+63 244 657 2887
Lela,lkalkerom@fastcompany.com,+1 838 683 1906
Carlen,cferroneton@statcounter.com,+48 418 930 9713
Caldwell,cmillwateroo@msu.edu,+81 317 846 6587
Angelle,apenningop@apache.org,+62 155 589 6360
Darb,dtitheridgeoq@un.org,+504 729 619 0976
Del,dpetracekor@bloglines.com,+57 461 948 9187
Nickolas,ngambellos@google.de,+86 151 266 1646
Marlena,mgiacomozzoot@yellowpages.com,+48 824 329 7798
Barbi,bkleselou@spiegel.de,+98 443 958 3249
Ben,bblaaseov@nature.com,+963 247 273 7463
Gerty,gffrenchbeytaghow@wikimedia.org,+62 857 341 9109
My,mrultonox@sohu.com,+1 110 861 9064
Germana,gmckerronoy@ox.ac.uk,+86 407 160 4413
Rena,rbeaudryoz@wikimedia.org,+62 856 596 6141
Marylee,mmcowisp0@deliciousdays.com,+98 123 665 2389
Fayth,fbearmanp1@bravesites.com,+84 143 284 7475
Bridie,bjaggarp2@google.com.br,+46 601 279 1967
Daune,dboultwoodp3@google.cn,+1 212 988 3270
Ruggiero,rbissp4@surveymonkey.com,+7 202 105 7691
Quintin,qloveredgep5@howstuffworks.com,+81 567 899 0516
Sanford,slumsdallp6@privacy.gov.au,+55 359 217 3565
Mose,mkivitsp7@statcounter.com,+86 590 415 0461
Ileana,iclitherowp8@dell.com,+58 231 211 4456
Helene,hwoodsp9@paypal.com,+1 360 247 9913
Sherrie,sgalletlypa@mlb.com,+63 333 128 4293
Corbett,cdishmanpb@unc.edu,+33 372 396 7459
Franchot,fteliginpc@ycombinator.com,+54 284 147 7087
Lurlene,lschreipd@ezinearticles.com,+351 301 803 6796
Kara,khaighpe@cdbaby.com,+57 968 163 2004
Ardeen,aclohessypf@oakley.com,+56 593 977 1267
Briana,bdungatepg@t.co,+86 249 512 2735
Brody,byeudeph@merriam-webster.com,+86 870 874 2941
Carmita,cramblepi@cdc.gov,+7 285 137 5395
Moina,mpeachmanpj@auda.org.au,+386 943 581 8906
Ilario,ibaxillpk@twitpic.com,+86 828 816 9230
Concordia,cwetheraldpl@360.cn,+48 983 510 0846
Arabella,aoxxpm@fc2.com,+351 152 958 0395
Colver,cburgespn@blogs.com,+62 358 127 2336
Fanchon,forampo@instagram.com,+1 932 264 2396
Conney,clindborgpp@rambler.ru,+62 369 444 3059
Oswald,obirtwellpq@unblog.fr,+62 293 870 5516
Alva,agullbergpr@miibeian.gov.cn,+261 481 855 9510
Neda,ntappingtonps@arstechnica.com,+7 771 407 2727
Ede,erosierpt@apache.org,+7 577 287 9164
Cos,crowbottompu@homestead.com,+86 660 998 5222
Matty,melbournpv@sogou.com,+1 658 448 4378
Orelee,omellodypw@geocities.jp,+254 806 674 4345
Latashia,losgarbypx@cargocollective.com,+86 139 616 3755
Serena,shuepy@51.la,+86 850 857 0713
Packston,pevequepz@taobao.com,+86 837 447 3064
Malina,mbowleyq0@buzzfeed.com,+48 757 118 0803
Lilian,ltallq1@storify.com,+504 756 865 6453
Cate,cmacalessq2@cnet.com,+62 578 907 2324
Jenilee,jratrayq3@fema.gov,+54 752 172 9321
Riordan,rcruceq4@mail.ru,+55 673 735 9516
Haywood,hleishmanq5@wix.com,+1 816 542 6785
Ellynn,eabbatiniq6@redcross.org,+374 398 212 3345
Dodi,dalawayq7@mail.ru,+86 445 121 6257
Cordie,cfranciottoiq8@timesonline.co.uk,+31 615 351 2129
Stace,schaffeyq9@about.com,+381 924 571 6162
Daphene,dtomaselliqa@oaic.gov.au,+1 828 857 3271
Mil,mfaillqb@hao123.com,+86 281 223 8589
Windham,wblytheqc@cisco.com,+86 759 194 1703
Pia,pkembleyqd@delicious.com,+63 504 396 5533
Adolpho,aavannqe@parallels.com,+86 636 497 6183
Andres,aborhamqf@reference.com,+63 718 384 4003
Levey,lmacwhanqg@blogtalkradio.com,+358 872 805 8271
Thaddus,tleckeyqh@biglobe.ne.jp,+1 602 151 2420
Lyndy,lhymorqi@omniture.com,+62 470 655 9868
Armand,alydfordqj@google.cn,+63 438 413 8707
Dietrich,dfildesqk@vimeo.com,+27 620 605 2825
Tobiah,tcowthardql@globo.com,+504 903 563 0091
Dela,dgrzeszczakqm@yelp.com,+48 553 883 9956
Phyllis,pchoppenqn@slideshare.net,+20 788 451 8005
Yuma,ykentqo@cmu.edu,+36 793 490 6298
Tiffany,totimonyqp@msu.edu,+62 817 193 8172
Naomi,nkystonqq@exblog.jp,+62 213 557 2824
Tobi,tshenleyqr@uiuc.edu,+7 152 841 5093
Glynis,gdankersleyqs@vistaprint.com,+7 657 149 3738
Verile,vkobaqt@youku.com,+351 484 357 1037
Adey,abeginqu@accuweather.com,+63 158 598 0641
Geri,gbreeqv@photobucket.com,+55 679 575 1623
Adelaide,abundeyqw@nhs.uk,+254 870 201 4342
Shepherd,sbrowneqx@blogtalkradio.com,+7 398 466 5528
Chantalle,cducketqy@google.co.uk,+46 613 545 4173
Raeann,rmardlinqz@skyrock.com,+689 425 484 7148
Alysia,amccuer0@sohu.com,+62 128 174 7987
Felic,flowndsbroughr1@usgs.gov,+255 980 450 4975
Beryle,bpavelinr2@google.ca,+86 637 669 7871
Merissa,mlebanr3@icq.com,+58 379 419 0020
Alysa,ahadentonr4@nature.com,+506 634 166 1215
Valry,vwhicherr5@google.co.jp,+54 461 811 9150
Jaquelyn,jpembryr6@privacy.gov.au,+62 106 896 8459
Hedvig,hbonasr7@amazon.com,+62 519 860 5967
Iorgo,icraker8@mysql.com,+960 645 707 1004
Veradis,vyesenevr9@i2i.jp,+1 189 191 1970
Korey,kbrickdalera@dedecms.com,+86 749 836 3475
Augie,asopperrb@nyu.edu,+54 310 804 9568
Amos,ajonkrc@youtube.com,+63 602 858 5618
Brendis,bkernerrd@sourceforge.net,+46 809 583 8952
Vanna,vdaymontre@blogspot.com,+31 155 166 5458
Georg,gfolcarf@omniture.com,+86 803 738 9068
Julie,jstainfieldrg@hatena.ne.jp,+220 823 922 7638
Ina,ihornigrh@phoca.cz,+48 321 578 8961
Druci,dhuffri@ihg.com,+358 225 541 6767
Eleanor,egherardinirj@mediafire.com,+261 329 516 9475
Loraine,lmeinerrk@opera.com,+81 332 177 2020
Avrom,apitchfordrl@ted.com,+261 365 481 3521
Loren,lleveragerm@arstechnica.com,+62 562 308 1197
Findlay,fkearnsrn@amazon.co.jp,+66 262 278 7160
Asia,aolanderro@vimeo.com,+54 366 915 0290
Gill,gmaileyrp@blogspot.com,+60 451 414 5774
Elnore,eloderrq@yellowpages.com,+62 731 523 3499
Sheri,shammonrr@yellowbook.com,+46 315 131 7676
